-- phpMyAdmin SQL Dump
-- version 3.5.1
-- http://www.phpmyadmin.net
--
-- 主机: localhost
-- 生成日期: 2014 年 01 月 20 日 07:45
-- 服务器版本: 5.5.24-log
-- PHP 版本: 5.3.13

SET SQL_MODE="NO_AUTO_VALUE_ON_ZERO";
SET time_zone = "+00:00";


/*!40101 SET @OLD_CHARACTER_SET_CLIENT=@@CHARACTER_SET_CLIENT */;
/*!40101 SET @OLD_CHARACTER_SET_RESULTS=@@CHARACTER_SET_RESULTS */;
/*!40101 SET @OLD_COLLATION_CONNECTION=@@COLLATION_CONNECTION */;
/*!40101 SET NAMES utf8 */;

--
-- 数据库: `zun`
--

-- --------------------------------------------------------

--
-- 表的结构 `app_group`
--

CREATE TABLE IF NOT EXISTS `app_group` (
  `id` smallint(6) unsigned NOT NULL AUTO_INCREMENT,
  `pid` smallint(6) unsigned NOT NULL COMMENT '父id',
  `name` char(20) NOT NULL COMMENT '组名',
  `title` varchar(255) DEFAULT NULL,
  `create_time` int(11) unsigned NOT NULL,
  `update_time` int(11) unsigned NOT NULL,
  `status` tinyint(1) NOT NULL DEFAULT '0' COMMENT '0启用1禁用',
  PRIMARY KEY (`id`)
) ENGINE=MyISAM  DEFAULT CHARSET=utf8 COMMENT='组' AUTO_INCREMENT=53 ;

--
-- 转存表中的数据 `app_group`
--

INSERT INTO `app_group` (`id`, `pid`, `name`, `title`, `create_time`, `update_time`, `status`) VALUES
(1, 0, 'Admin', '管理系统', 1380957533, 1380957533, 0),
(2, 0, 'Home', '前台系统', 1380957553, 1380957553, 0),
(3, 0, 'Api', '接口系统', 1380957569, 1380957569, 0),
(15, 1, '人力资源部', '人力资源部', 1381493027, 1381493027, -2),
(30, 1, 'Public-(后台公开组)', '公开组', 1381493899, 1381493899, 0),
(31, 1, '会员管理', '会员管理', 1386234964, 1386234964, -2),
(32, 1, 'IT部', 'IT部', 1386862905, 1386862905, 0),
(33, 1, '客服部', '客服部', 1386862913, 1386862913, 0),
(34, 1, '租车部', '租车部', 1386862919, 1386862919, 0),
(35, 1, '管理中心', '管理中心', 1386862924, 1386862924, 0),
(36, 1, '调度部', '调度部', 1386862930, 1386862930, 0),
(37, 1, '运营管理中心', '运营管理中心', 1386862938, 1386862938, 0),
(38, 32, 'PHP初级程序员', 'PHP初级程序员', 1386862965, 1386862965, 0),
(39, 32, '安卓工程师', '安卓工程师', 1386862970, 1386862970, 0),
(40, 32, '网页设计师', '网页设计师', 1386862976, 1386862976, 0),
(41, 33, '副经理', '副经理', 1386863023, 1386863023, 0),
(42, 33, '客服专员', '客服专员', 1386863030, 1386863030, 0),
(43, 34, '主管', '主管', 1386863073, 1386863073, 0),
(44, 35, '总经理', '总经理', 1386863103, 1386863103, 0),
(45, 35, '总裁', '总裁', 1386863107, 1386863107, 0),
(46, 35, '董事长', '董事长', 1386863112, 1386863112, 0),
(47, 36, '主管', '主管', 1386863138, 1386863138, 0),
(48, 36, '司机', '司机', 1386863143, 1386863143, 0),
(49, 36, '经理', '经理', 1386863148, 1386863148, 0),
(50, 36, '调度助理', '调度助理', 1386863154, 1386863154, 0),
(51, 37, '总监', '总监', 1386863214, 1386863214, 0),
(52, 1, 'All-(所有权限)', '所有权限', 1386863836, 1386863836, 0);

-- --------------------------------------------------------

--
-- 表的结构 `app_group_node`
--

CREATE TABLE IF NOT EXISTS `app_group_node` (
  `id` smallint(6) unsigned NOT NULL AUTO_INCREMENT,
  `group_id` smallint(6) unsigned NOT NULL COMMENT '组id',
  `node_id` smallint(6) unsigned NOT NULL COMMENT '节点id',
  PRIMARY KEY (`id`),
  KEY `groupId` (`group_id`),
  KEY `nodeId` (`node_id`)
) ENGINE=MyISAM  DEFAULT CHARSET=utf8 COMMENT='组与节点关系表' AUTO_INCREMENT=412 ;

--
-- 转存表中的数据 `app_group_node`
--

INSERT INTO `app_group_node` (`id`, `group_id`, `node_id`) VALUES
(74, 27, 1),
(165, 31, 44),
(99, 28, 25),
(48, 30, 19),
(173, 31, 43),
(47, 30, 17),
(42, 30, 1),
(46, 30, 18),
(134, 27, 9),
(163, 31, 42),
(45, 30, 15),
(43, 30, 14),
(44, 30, 16),
(133, 27, 8),
(132, 27, 7),
(131, 27, 6),
(130, 27, 5),
(127, 27, 4),
(95, 28, 1),
(113, 28, 26),
(98, 28, 35),
(101, 28, 33),
(102, 28, 34),
(103, 28, 31),
(104, 28, 32),
(105, 29, 1),
(106, 29, 25),
(107, 29, 35),
(108, 29, 26),
(109, 29, 29),
(110, 29, 30),
(111, 29, 28),
(112, 29, 27),
(137, 27, 14),
(138, 27, 16),
(139, 27, 20),
(140, 27, 25),
(141, 27, 10),
(142, 27, 11),
(143, 27, 12),
(144, 27, 13),
(145, 27, 36),
(146, 27, 37),
(147, 27, 38),
(148, 27, 39),
(149, 27, 40),
(150, 29, 14),
(151, 29, 15),
(152, 29, 36),
(153, 29, 37),
(154, 29, 38),
(155, 27, 21),
(156, 27, 22),
(157, 27, 23),
(158, 27, 24),
(162, 31, 1),
(166, 31, 45),
(167, 31, 46),
(168, 31, 47),
(169, 31, 48),
(170, 31, 49),
(171, 31, 50),
(172, 31, 51),
(174, 51, 1),
(175, 51, 14),
(176, 51, 16),
(177, 51, 20),
(178, 51, 25),
(179, 51, 36),
(180, 51, 39),
(181, 51, 42),
(182, 51, 52),
(183, 51, 58),
(184, 51, 61),
(185, 51, 69),
(186, 51, 73),
(187, 51, 76),
(188, 51, 81),
(189, 51, 82),
(190, 51, 96),
(191, 51, 98),
(192, 51, 107),
(193, 51, 110),
(194, 51, 15),
(195, 51, 17),
(196, 51, 18),
(197, 51, 19),
(198, 51, 21),
(199, 51, 22),
(200, 51, 23),
(201, 51, 24),
(202, 51, 26),
(203, 51, 27),
(204, 51, 28),
(205, 51, 29),
(206, 51, 30),
(207, 51, 31),
(208, 51, 32),
(209, 51, 33),
(210, 51, 34),
(211, 51, 35),
(212, 51, 101),
(213, 51, 102),
(214, 51, 103),
(215, 51, 104),
(216, 51, 105),
(217, 51, 106),
(218, 51, 37),
(219, 51, 38),
(220, 51, 55),
(221, 51, 56),
(222, 51, 57),
(223, 51, 40),
(224, 51, 43),
(225, 51, 44),
(226, 51, 45),
(227, 51, 46),
(228, 51, 47),
(229, 51, 48),
(230, 51, 49),
(231, 51, 50),
(232, 51, 51),
(233, 51, 92),
(234, 51, 53),
(235, 51, 54),
(236, 51, 59),
(237, 51, 60),
(238, 51, 111),
(239, 51, 112),
(240, 51, 113),
(241, 51, 114),
(242, 51, 108),
(243, 51, 109),
(244, 51, 97),
(245, 51, 83),
(246, 51, 84),
(247, 51, 85),
(248, 51, 86),
(249, 51, 87),
(250, 51, 88),
(251, 51, 89),
(252, 51, 90),
(253, 51, 91),
(254, 51, 99),
(255, 51, 100),
(256, 51, 77),
(257, 51, 78),
(258, 51, 79),
(259, 51, 80),
(260, 51, 74),
(261, 51, 75),
(262, 51, 71),
(263, 51, 72),
(264, 51, 62),
(265, 51, 63),
(266, 51, 64),
(267, 51, 65),
(268, 51, 66),
(269, 51, 67),
(270, 51, 68),
(271, 30, 110),
(272, 30, 111),
(273, 30, 112),
(274, 30, 113),
(275, 30, 114),
(276, 52, 1),
(277, 52, 14),
(278, 52, 16),
(279, 52, 20),
(280, 52, 25),
(281, 52, 36),
(282, 52, 39),
(283, 52, 42),
(284, 52, 52),
(285, 52, 58),
(286, 52, 61),
(287, 52, 69),
(288, 52, 73),
(289, 52, 76),
(290, 52, 81),
(291, 52, 82),
(292, 52, 96),
(293, 52, 98),
(294, 52, 107),
(295, 52, 110),
(296, 52, 15),
(297, 52, 17),
(298, 52, 18),
(299, 52, 19),
(300, 52, 21),
(301, 52, 22),
(302, 52, 23),
(303, 52, 24),
(304, 52, 26),
(305, 52, 27),
(306, 52, 28),
(307, 52, 29),
(308, 52, 30),
(309, 52, 31),
(310, 52, 32),
(311, 52, 33),
(312, 52, 34),
(313, 52, 35),
(314, 52, 101),
(315, 52, 102),
(316, 52, 103),
(317, 52, 104),
(318, 52, 105),
(319, 52, 106),
(320, 52, 37),
(321, 52, 38),
(322, 52, 55),
(323, 52, 56),
(324, 52, 57),
(325, 52, 40),
(326, 52, 43),
(327, 52, 44),
(328, 52, 45),
(329, 52, 46),
(330, 52, 47),
(331, 52, 48),
(332, 52, 49),
(333, 52, 50),
(334, 52, 51),
(335, 52, 92),
(336, 52, 53),
(337, 52, 54),
(338, 52, 59),
(339, 52, 60),
(340, 52, 62),
(341, 52, 63),
(342, 52, 64),
(343, 52, 65),
(344, 52, 66),
(345, 52, 67),
(346, 52, 68),
(347, 52, 71),
(348, 52, 72),
(349, 52, 74),
(350, 52, 75),
(351, 52, 77),
(352, 52, 78),
(353, 52, 79),
(354, 52, 80),
(355, 52, 83),
(356, 52, 84),
(357, 52, 85),
(358, 52, 86),
(359, 52, 87),
(360, 52, 88),
(361, 52, 89),
(362, 52, 90),
(363, 52, 91),
(364, 52, 97),
(365, 52, 99),
(366, 52, 100),
(367, 52, 108),
(368, 52, 109),
(389, 41, 63),
(373, 41, 1),
(371, 52, 113),
(372, 52, 114),
(388, 41, 61),
(376, 41, 82),
(377, 41, 83),
(378, 41, 84),
(379, 41, 85),
(380, 41, 86),
(381, 41, 87),
(382, 41, 88),
(383, 41, 89),
(384, 41, 90),
(385, 41, 91),
(386, 41, 79),
(387, 41, 76),
(390, 41, 64),
(391, 41, 65),
(392, 41, 66),
(393, 41, 67),
(394, 41, 68),
(395, 42, 1),
(396, 42, 61),
(397, 42, 63),
(398, 42, 64),
(399, 42, 65),
(400, 42, 66),
(401, 42, 67),
(402, 42, 68),
(403, 42, 76),
(404, 42, 79),
(405, 42, 82),
(406, 42, 83),
(407, 42, 84),
(408, 42, 85),
(409, 42, 90),
(410, 52, 116),
(411, 52, 117);

-- --------------------------------------------------------

--
-- 表的结构 `app_group_user`
--

CREATE TABLE IF NOT EXISTS `app_group_user` (
  `id` int(10) unsigned NOT NULL AUTO_INCREMENT COMMENT '主键',
  `group_id` smallint(6) unsigned NOT NULL COMMENT '组id',
  `user_id` int(10) unsigned NOT NULL COMMENT '用户id',
  PRIMARY KEY (`id`),
  KEY `group_id` (`group_id`),
  KEY `user_id` (`user_id`)
) ENGINE=MyISAM  DEFAULT CHARSET=utf8 COMMENT='组与用户关系表' AUTO_INCREMENT=65 ;

--
-- 转存表中的数据 `app_group_user`
--

INSERT INTO `app_group_user` (`id`, `group_id`, `user_id`) VALUES
(13, 27, 2),
(17, 28, 3),
(16, 29, 5),
(30, 30, 13),
(29, 30, 14),
(28, 30, 12),
(24, 15, 5),
(22, 15, 2),
(23, 15, 3),
(25, 1, 1),
(26, 31, 9),
(27, 30, 1),
(31, 30, 15),
(32, 30, 17),
(33, 30, 16),
(34, 30, 18),
(35, 30, 19),
(36, 30, 20),
(37, 30, 21),
(38, 30, 22),
(39, 30, 23),
(40, 30, 24),
(41, 30, 25),
(42, 30, 26),
(43, 30, 27),
(44, 30, 28),
(45, 30, 29),
(46, 30, 30),
(47, 30, 31),
(48, 30, 32),
(49, 30, 33),
(50, 30, 34),
(51, 52, 1),
(52, 52, 12),
(53, 52, 13),
(54, 52, 14),
(55, 52, 15),
(57, 52, 25),
(58, 52, 27),
(59, 41, 16),
(60, 42, 17),
(61, 42, 18),
(62, 42, 19),
(63, 42, 20),
(64, 52, 16);

-- --------------------------------------------------------

--
-- 表的结构 `app_node`
--

CREATE TABLE IF NOT EXISTS `app_node` (
  `id` smallint(6) unsigned NOT NULL AUTO_INCREMENT,
  `pid` smallint(6) unsigned NOT NULL COMMENT '父id',
  `name` char(40) NOT NULL COMMENT '名称',
  `title` varchar(20) DEFAULT NULL,
  `remark` varchar(255) DEFAULT NULL COMMENT '备注',
  `sort` smallint(6) unsigned NOT NULL DEFAULT '0' COMMENT '排序',
  `level` tinyint(1) unsigned NOT NULL DEFAULT '0' COMMENT '等级:1分组、2模块、3方法',
  `status` tinyint(1) NOT NULL DEFAULT '0' COMMENT '0启用1禁用',
  PRIMARY KEY (`id`),
  KEY `level` (`level`),
  KEY `name` (`name`)
) ENGINE=MyISAM  DEFAULT CHARSET=utf8 COMMENT='节点表(1项目、2模块、3方法)的关系' AUTO_INCREMENT=118 ;

--
-- 转存表中的数据 `app_node`
--

INSERT INTO `app_node` (`id`, `pid`, `name`, `title`, `remark`, `sort`, `level`, `status`) VALUES
(1, 0, 'Admin', '车神OA系统', NULL, 0, 1, 0),
(2, 0, 'Home', '前台系统', NULL, 0, 1, 0),
(3, 0, 'Api', '接口系统', NULL, 0, 1, 0),
(4, 1, 'Rbac', '权限控制模块', NULL, 0, 2, 0),
(5, 4, 'rbac_node', '管理系统-权限控制模块-节点管理', NULL, 0, 3, 0),
(6, 4, 'node_edit', '管理系统-权限控制模块-编辑节点', NULL, 0, 3, 0),
(7, 4, 'node_status', '管理系统-权限控制模块-节点状态管理', NULL, 0, 3, 0),
(8, 4, 'group_node', '管理系统-权限控制模块-组与节点关系', NULL, 0, 3, 0),
(9, 4, 'edit_group_node', '管理系统-权限控制模块-组与节点关系编辑', NULL, 0, 3, 0),
(10, 4, 'group', '管理系统-权限控制模块-组管理', NULL, 0, 3, 0),
(11, 4, 'groupEdit', '管理系统-权限控制模块-组编辑', NULL, 0, 3, 0),
(12, 4, 'group_user', '管理系统-权限控制模块-分配组用户管理', NULL, 0, 3, 0),
(13, 4, 'group_user_edit', '管理系统-权限控制模块-用户与组管理编', NULL, 0, 3, 0),
(14, 1, 'Index', '主页模块', NULL, 0, 2, 0),
(15, 14, 'index', '管理系统-主页模块-首页', NULL, 0, 3, 0),
(16, 1, 'Login', '登陆模块', NULL, 0, 2, 0),
(17, 16, 'login', '登陆页面', NULL, 0, 3, 0),
(18, 16, 'check_login', '验证登陆', NULL, 0, 3, 0),
(19, 16, 'logout', '退出登陆', NULL, 0, 3, 0),
(20, 1, 'Personnel', '部门管理模块', NULL, 0, 2, 0),
(21, 20, 'department', '部门列表', NULL, 0, 3, 0),
(22, 20, 'department_edit', '部门编辑', NULL, 0, 3, 0),
(23, 20, 'occupation', '职位列表', NULL, 0, 3, 0),
(24, 20, 'occupation_edit', '职位编辑', NULL, 0, 3, 0),
(25, 1, 'Staff', '人事管理-员工管理模块', NULL, 0, 2, 0),
(26, 25, 'index', '管理系统-员工管理-员工列表', NULL, 0, 3, 0),
(27, 25, 'staff_base_look', 'AJAX-基本信息查看', NULL, 0, 3, 0),
(28, 25, 'staff_base_edit', '管理系统-员工管理-基本信息编辑', NULL, 0, 3, 0),
(29, 25, 'staff_vitae_look', 'AJAX-履历信息查看', NULL, 0, 3, 0),
(30, 25, 'staff_vitae_edit', '管理系统-员工管理-履历信息编辑', NULL, 0, 3, 0),
(31, 25, 'staff_contract_look', 'AJAX-合同信息查看', NULL, 0, 3, 0),
(32, 25, 'staff_contract_edit', '管理系统-员工管理-合同信息编辑', NULL, 0, 3, 0),
(33, 25, 'staff_salary_look', 'AJAX-薪资信息查看', NULL, 0, 3, 0),
(34, 25, 'staff_salary_edit', '管理系统-员工管理-薪资信息编辑', NULL, 0, 3, 0),
(35, 25, 'staff_edit', '管理系统-员工管理-员工编辑页面', NULL, 0, 3, 0),
(36, 1, 'CarsCompany', '分公司区域车辆管理', NULL, 0, 2, 0),
(37, 36, 'car_index', '车辆管理首页', NULL, 0, 3, 0),
(38, 36, 'car_info', '车辆管理列表', NULL, 0, 3, 0),
(39, 1, 'CarsAll', '公司所有区域车辆管理', NULL, 0, 2, 0),
(40, 39, 'index', '所有区域列表', NULL, 0, 3, 0),
(42, 1, 'Rank', '车神会员模块', NULL, 0, 2, 0),
(43, 42, 'ajax_search_account', 'AJAX查询用户数据', NULL, 0, 3, 0),
(44, 42, 'rank_list', '会员列表', NULL, 0, 3, 0),
(45, 42, 'member_base_add', '添加指定级别的会员', NULL, 0, 3, 0),
(46, 42, 'member_base_edit', '会员基本信息编辑', NULL, 0, 3, 0),
(47, 42, 'member_credit', '会员信用信息', NULL, 0, 3, 0),
(48, 42, 'member_life', '会员生活信息', NULL, 0, 3, 0),
(49, 42, 'member_photo', '会员证件整照片', NULL, 0, 3, 0),
(50, 42, 'ajax_photo_upload', 'AJAX处理上传会员照片', NULL, 0, 3, 0),
(51, 42, 'ajax_photo_remove', 'AJAX会员删除图片', NULL, 0, 3, 0),
(52, 1, 'CarsAudit', '车辆年审控制器', NULL, 0, 2, 0),
(53, 52, 'index', '年审列表', NULL, 0, 3, 0),
(54, 52, 'edit', '年审编辑', NULL, 0, 3, 0),
(55, 36, 'cars_photo', '车辆照片管理', NULL, 0, 3, 0),
(56, 36, 'ajax_photo_upload', 'ajax_photo_upload', NULL, 0, 3, 0),
(57, 36, 'ajax_photo_remove', 'AJAX车辆删除图片', NULL, 0, 3, 0),
(58, 1, 'CarsInsurance', '车辆保险控制器', NULL, 0, 2, 0),
(59, 58, 'index', 'index', NULL, 0, 3, 0),
(60, 58, 'edit', '年审编辑', NULL, 0, 3, 0),
(61, 1, 'CarsSchedule', '车辆日程安排控制器', NULL, 0, 2, 0),
(62, 61, 'index', '车辆日程安排', NULL, 0, 3, 0),
(63, 61, 'AJAX_Schedule_Api', '添加日程Api', NULL, 0, 3, 0),
(64, 61, 'AJAX_Get_Schedule', '获取日程API', NULL, 0, 3, 0),
(65, 61, 'AJAX_DEL_Schedule', '删除日程', NULL, 0, 3, 0),
(66, 61, 'AJAX_Get_Usable_Cars', '获取可用车辆资源', NULL, 0, 3, 0),
(67, 61, 'cars_schedule_show', '显示指定车辆安排信息', NULL, 0, 3, 0),
(68, 61, 'AJAX_Cars_Grade_Sche', '车辆调度安排', NULL, 0, 3, 0),
(69, 1, 'Company', '公司区域管理控制器', NULL, 0, 2, 0),
(71, 69, 'index', '公司区域列表', NULL, 0, 3, 0),
(72, 69, 'edit', '编辑区域', NULL, 0, 3, 0),
(73, 1, 'Driver', '司机管理', NULL, 0, 2, 0),
(74, 73, 'index', '数据列表', NULL, 0, 3, 0),
(75, 73, 'edit', '编辑司机', NULL, 0, 3, 0),
(76, 1, 'Member', '车神用户管理模块', NULL, 0, 2, 0),
(77, 76, 'member_list', '注册用户列表', NULL, 0, 3, 0),
(78, 76, 'member_edit', '注册用户编辑', NULL, 0, 3, 0),
(79, 76, 'all_user_info', '所有会员信息-用于客服查看', NULL, 0, 3, 0),
(80, 76, 'recommend_member', '获取推荐会员列表', NULL, 0, 3, 0),
(81, 1, 'MemberResource', '会员资源控制器', NULL, 0, 2, 0),
(82, 1, 'Order', '用车申请订单处理类', NULL, 0, 2, 0),
(83, 82, 'apply', '申请订单列表', NULL, 0, 3, 0),
(84, 82, 'edit_apply', '添加用车申请', NULL, 0, 3, 0),
(85, 82, 'set_order_state', '派车申请', NULL, 0, 3, 0),
(86, 82, 'cars_arrange_list', '车辆调度列表', NULL, 0, 3, 0),
(87, 82, 'cars_arrange_edit', '派车处理', NULL, 0, 3, 0),
(88, 82, 'give_back_car_list', '还车管理列表', NULL, 0, 3, 0),
(89, 82, 'give_back_car_edit', '编辑还车信息', NULL, 0, 3, 0),
(90, 82, 'order_send_msg', '发送短信', NULL, 0, 3, 0),
(91, 82, 'order_history_list', '订单历史列表', NULL, 0, 3, 0),
(92, 42, 'check_rank', '初始化与验证会员信息', NULL, 0, 3, 0),
(96, 1, 'Record', '会员用车记录控制器', NULL, 0, 2, 0),
(94, 4, 'group_node_two', '第二种，checkbox格式', NULL, 0, 3, 0),
(95, 4, 'group_node_update', '组与节点关系编辑-第二种编辑', NULL, 0, 3, 0),
(97, 96, 'use_cars_record', '会员用车记录', NULL, 0, 3, 0),
(98, 1, 'ReserveTalents', '人才储备', NULL, 0, 2, 0),
(99, 98, 'index', '数据列表', NULL, 0, 3, 0),
(100, 98, 'edit', '人才储备编辑', NULL, 0, 3, 0),
(101, 25, 'ajax_get_info', '获取部门信息-AJAX', NULL, 0, 3, 0),
(102, 25, 'staff_vitae_work', '工作经历编辑', NULL, 0, 3, 0),
(103, 25, 'staff_vitae_family', '家庭状态编辑', NULL, 0, 3, 0),
(104, 25, 'staff_achievements', '每月政绩、以及工资栏', NULL, 0, 3, 0),
(105, 25, 'staff_alteration_look', 'AJAX-员工异动事件查看', NULL, 0, 3, 0),
(106, 25, 'staff_alteration_edit', '异动事件编辑', NULL, 0, 3, 0),
(107, 1, 'Statement', '报表功能', NULL, 0, 2, 0),
(108, 107, 'member', '会员数据报表', NULL, 0, 3, 0),
(109, 107, 'cars', '车辆数据表报表', NULL, 0, 3, 0),
(110, 1, 'User', '后台用户管理', NULL, 0, 2, 0),
(111, 110, 'index', '用户列表	', NULL, 0, 3, 0),
(112, 110, 'user_status', '修改用户账号状态', NULL, 0, 3, 0),
(113, 110, 'modifi_password', '修改用户账号状态', NULL, 0, 3, 0),
(114, 110, 'personal', '个人中心模块', NULL, 0, 3, 0),
(116, 82, 'order_supplement', '补充用车记录', NULL, 0, 3, 0),
(117, 107, 'order', '会员用车记录订单', NULL, 0, 3, 0);

-- --------------------------------------------------------

--
-- 表的结构 `app_users`
--

CREATE TABLE IF NOT EXISTS `app_users` (
  `id` int(10) unsigned NOT NULL AUTO_INCREMENT,
  `base_id` int(10) unsigned NOT NULL COMMENT '员工id',
  `account` char(11) NOT NULL,
  `nickname` varchar(20) DEFAULT NULL COMMENT '称呢',
  `password` char(32) NOT NULL,
  `last_login_time` int(11) unsigned NOT NULL DEFAULT '0',
  `last_login_ip` char(20) DEFAULT NULL,
  `login_count` smallint(6) unsigned NOT NULL DEFAULT '0' COMMENT '登陆次数',
  `create_time` int(11) unsigned NOT NULL,
  `update_time` int(11) unsigned NOT NULL,
  `type` tinyint(1) unsigned NOT NULL COMMENT '用户类型:0管理员',
  `status` tinyint(1) NOT NULL DEFAULT '0' COMMENT '0正常、1待审核、-2删除',
  PRIMARY KEY (`id`),
  UNIQUE KEY `id` (`id`),
  UNIQUE KEY `account` (`account`)
) ENGINE=InnoDB  DEFAULT CHARSET=utf8 ROW_FORMAT=COMPACT COMMENT='员工账号表' AUTO_INCREMENT=37 ;

--
-- 转存表中的数据 `app_users`
--

INSERT INTO `app_users` (`id`, `base_id`, `account`, `nickname`, `password`, `last_login_time`, `last_login_ip`, `login_count`, `create_time`, `update_time`, `type`, `status`) VALUES
(1, 1, 'admin', '管理员', 'ba1be5a6629f960f27448a188eca1304', 1389947104, '192.168.1.102', 268, 1376561926, 1376561926, 0, 0),
(12, 20, '10020', NULL, 'e10adc3949ba59abbe56e057f20f883e', 1386864819, '42.196.204.214', 1, 1386836395, 1386836395, 1, 0),
(13, 21, '10021', NULL, 'e10adc3949ba59abbe56e057f20f883e', 1386836909, '116.231.99.166', 0, 1386836909, 1386836909, 1, 0),
(14, 22, '10022', NULL, 'e10adc3949ba59abbe56e057f20f883e', 1386868982, '42.196.204.214', 1, 1386836954, 1386836954, 1, 0),
(15, 23, '10023', NULL, 'd2078a82f2e03a16ee77dbb832ffad66', 1388112003, '58.60.48.71', 26, 1386837000, 1386837000, 1, 0),
(16, 24, '10024', NULL, 'e10adc3949ba59abbe56e057f20f883e', 1388388357, '183.12.241.188', 9, 1386837043, 1386837043, 1, 0),
(17, 25, '10025', NULL, 'e10adc3949ba59abbe56e057f20f883e', 1388385750, '183.12.241.188', 3, 1386837115, 1386837115, 1, 0),
(18, 26, '10026', NULL, 'e10adc3949ba59abbe56e057f20f883e', 1388023185, '58.60.78.73', 4, 1386837248, 1386837248, 1, 0),
(19, 27, '10027', NULL, 'e10adc3949ba59abbe56e057f20f883e', 1388389029, '183.12.241.188', 6, 1386837477, 1386837477, 1, 0),
(20, 28, '10028', NULL, 'e10adc3949ba59abbe56e057f20f883e', 1388126596, '183.12.240.241', 4, 1386837519, 1386837519, 1, 0),
(21, 29, '10029', NULL, 'e10adc3949ba59abbe56e057f20f883e', 1388385631, '183.12.241.188', 1, 1386837561, 1386837561, 1, 0),
(22, 30, '10030', NULL, 'e10adc3949ba59abbe56e057f20f883e', 1386868350, '42.196.204.214', 2, 1386837631, 1386837631, 1, 0),
(23, 31, '10031', NULL, 'e10adc3949ba59abbe56e057f20f883e', 1386837684, '116.231.99.166', 0, 1386837684, 1386837684, 1, 0),
(24, 32, '10032', NULL, 'e10adc3949ba59abbe56e057f20f883e', 1386837742, '116.231.99.166', 0, 1386837742, 1386837742, 1, 0),
(25, 33, '10033', NULL, 'e10adc3949ba59abbe56e057f20f883e', 1388134145, '183.12.240.241', 13, 1386838497, 1386838497, 1, 0),
(26, 34, '10034', NULL, 'e10adc3949ba59abbe56e057f20f883e', 1387789468, '116.30.81.173', 2, 1386838540, 1386838540, 1, 0),
(27, 35, '10035', NULL, 'e10adc3949ba59abbe56e057f20f883e', 1386838616, '116.231.99.166', 0, 1386838616, 1386838616, 1, 0),
(28, 36, '10036', NULL, 'e10adc3949ba59abbe56e057f20f883e', 1386838700, '116.231.99.166', 0, 1386838700, 1386838700, 1, 0),
(29, 37, '10037', NULL, 'e10adc3949ba59abbe56e057f20f883e', 1386838730, '116.231.99.166', 0, 1386838730, 1386838730, 1, 0),
(30, 38, '10038', NULL, 'e10adc3949ba59abbe56e057f20f883e', 1386838757, '116.231.99.166', 0, 1386838757, 1386838757, 1, 0),
(31, 39, '10039', NULL, 'e10adc3949ba59abbe56e057f20f883e', 1386838798, '116.231.99.166', 0, 1386838798, 1386838798, 1, 0),
(32, 40, '10040', NULL, 'e10adc3949ba59abbe56e057f20f883e', 1386838824, '116.231.99.166', 0, 1386838824, 1386838824, 1, 0),
(33, 41, '10041', NULL, 'e10adc3949ba59abbe56e057f20f883e', 1386868940, '42.196.204.214', 1, 1386838857, 1386838857, 1, 0),
(34, 42, '10042', NULL, 'e10adc3949ba59abbe56e057f20f883e', 1386838886, '116.231.99.166', 0, 1386838886, 1386838886, 1, 0),
(35, 43, '10043', NULL, 'e10adc3949ba59abbe56e057f20f883e', 1387428030, '58.60.78.83', 0, 1387428030, 1387428030, 1, 1),
(36, 44, '10044', NULL, 'e10adc3949ba59abbe56e057f20f883e', 1388026561, '58.60.78.73', 0, 1388026561, 1388026561, 1, 1);

/*!40101 SET CHARACTER_SET_CLIENT=@OLD_CHARACTER_SET_CLIENT */;
/*!40101 SET CHARACTER_SET_RESULTS=@OLD_CHARACTER_SET_RESULTS */;
/*!40101 SET COLLATION_CONNECTION=@OLD_COLLATION_CONNECTION */;
